{"initial_reset_timestamp": 1581881603.7227361, "timestamps": [1581881604.411306], "episode_lengths": [92], "episode_rewards": [260.0], "episode_types": ["t"]}